PCON21CD,PCON21NM,LAD21CD,LAD21NM,percentage_overlap
E14000624,Central Suffolk and North Ipswich,E07000202,Ipswich,0.010010003922424567
N06000007,Fermanagh and South Tyrone,N09000002,"Armagh City, Banbridge and Craigavon",0.010196515312336068
W07000054,Monmouth,W06000020,Torfaen,0.01036976210273623
E14000966,Staffordshire Moorlands,E07000195,Newcastle-under-Lyme,0.010847405806703108
N06000001,Belfast East,N09000011,Ards and North Down,0.011861950872174303
N06000009,Lagan Valley,N09000010,"Newry, Mourne and Down",0.0144188132143409
E14000901,Romsey and Southampton North,E06000045,Southampton,0.017807916855864497
E14000811,Meon Valley,E07000090,Havant,0.020248091813561714
E14000623,Central Devon,E07000040,East Devon,0.020920067016751615
E14001041,Winchester,E07000086,Eastleigh,0.021913980511699082
E14000990,Tewkesbury,E07000078,Cheltenham,0.025340344253516438
E14000678,East Devon,E07000041,Exeter,0.02724186751700772
E14000964,St Ives,E06000053,Isles of Scilly,0.030644971984195645
E14000993,Thirsk and Malton,E07000168,Scarborough,0.036470234634143776
S14000037,Gordon,S12000033,Aberdeen City,0.03671039377662768
E14000939,South Holland and The Deepings,E07000141,South Kesteven,0.03685314656643963
E14000707,Gainsborough,E07000137,East Lindsey,0.03771557978003059
E14001042,Windsor,E06000039,Slough,0.03796778947608678
E14000681,East Surrey,E07000211,Reigate and Banstead,0.043271277638384634
E14000877,Penrith and The Border,E07000026,Allerdale,0.043382768076165916
E14000660,Daventry,E06000061,North Northamptonshire,0.0449603084459511
E14000706,Fylde,E07000123,Preston,0.04715079856725121
E14001001,Totnes,E06000027,Torbay,0.04769727846904318
E14000625,Charnwood,E07000132,Hinckley and Bosworth,0.04841670406629539
E14000924,Sherwood,E07000170,Ashfield,0.05248035067385085
N06000016,Strangford,N09000007,Lisburn and Castlereagh,0.05454535458787549
E14000905,Rugby,E07000219,Nuneaton and Bedworth,0.05566798009515958
E14000991,The Cotswolds,E07000082,Stroud,0.06046372196252566
E14000864,Norwich South,E07000149,South Norfolk,0.06399700369412155
E14000580,Bolton West,E08000010,Wigan,0.06596473237694744
E14000854,North Warwickshire,E07000219,Nuneaton and Bedworth,0.06842949542867115
E14000950,South West Devon,E06000026,Plymouth,0.07038036453542759
E14000894,Ribble Valley,E07000126,South Ribble,0.07584946842811896
E14000843,North East Derbyshire,E07000034,Chesterfield,0.08189325942681204
E14000625,Charnwood,E07000129,Blaby,0.08582649819959877
E14000946,South Suffolk,E07000245,West Suffolk,0.08814554282800163
S14000050,Ochil and South Perthshire,S12000005,Clackmannanshire,0.09257367270652457
E14000534,Arundel and South Downs,E07000228,Mid Sussex,0.09285383612035976
E14000705,Forest of Dean,E07000083,Tewkesbury,0.09919885438892231
N06000014,South Antrim,N09000007,Lisburn and Castlereagh,0.10106954029060082
E14000975,Stone,E07000198,Staffordshire Moorlands,0.10958684553767961
E14000960,St Albans,E07000102,Three Rivers,0.11214119150732826
E14000728,Harborough,E07000135,Oadby and Wigston,0.11500035269731522
E14000874,Oxford West and Abingdon,E07000178,Oxford,0.11655063703944486
E14000694,Epsom and Ewell,E07000211,Reigate and Banstead,0.11743689356478101
E14000983,Surrey Heath,E07000209,Guildford,0.1203088572251084
N06000015,South Down,N09000002,"Armagh City, Banbridge and Craigavon",0.12087021527841585
E14000820,Middlesbrough South and East Cleveland,E06000002,Middlesbrough,0.12547055449980568
E14000888,Rayleigh and Wickford,E07000066,Basildon,0.12575559304968958
E14000811,Meon Valley,E07000085,East Hampshire,0.12627498838018428
E14000664,Derbyshire Dales,E07000032,Amber Valley,0.12657417506865687
E14001050,Wolverhampton South East,E08000027,Dudley,0.12996689853346713
E14000535,Ashfield,E07000172,Broxtowe,0.13264920761991353
N06000004,Belfast West,N09000007,Lisburn and Castlereagh,0.14196927575817403
E14000829,Newark,E07000176,Rushcliffe,0.14216320754532433
E14000742,Henley,E07000177,Cherwell,0.14267205383523568
E14000816,Mid Norfolk,E07000149,South Norfolk,0.15045379448742596
E14000659,Dartford,E07000111,Sevenoaks,0.15290381138107087
E14001015,Wantage,E07000179,South Oxfordshire,0.15676617240887242
E14000765,Jarrow,E08000037,Gateshead,0.15726115890866454
E14000815,Mid Dorset and North Poole,E06000058,"Bournemouth, Christchurch and Poole",0.1576820743105406
N06000006,East Londonderry,N09000005,Derry City and Strabane,0.1585827058634318
E14000813,Mid Bedfordshire,E06000055,Bedford,0.16291722614841245
E14000735,Hastings and Rye,E07000062,Hastings,0.16812084696472343
E14000907,Runnymede and Weybridge,E07000207,Elmbridge,0.16814351691225204
E14001024,Weaver Vale,E06000006,Halton,0.170179129758861
E14000986,Tamworth,E07000199,Tamworth,0.17161158647132677
E14001028,Wentworth and Dearne,E08000016,Barnsley,0.173045512278181
S14000015,Dundee East,S12000042,Dundee City,0.17602593216243947
E14000639,Cities of London and Westminster,E09000001,City of London,0.17640797665106903
E14000704,Folkestone and Hythe,E07000105,Ashford,0.17750589466187314
E14000906,"Ruislip, Northwood and Pinner",E09000015,Harrow,0.17985377214108633
E14000963,St Helens South and Whiston,E08000011,Knowsley,0.18051152340254442
E14000975,Stone,E07000195,Newcastle-under-Lyme,0.18125210690385
E14001035,West Worcestershire,E07000238,Wychavon,0.18139347311159118
W07000074,Ogmore,W06000016,Rhondda Cynon Taf,0.18151539184455598
E14000814,Mid Derbyshire,E06000015,Derby,0.18764446408214094
E14000758,Hyndburn,E07000125,Rossendale,0.19110450231423703
E14000910,Saffron Walden,E07000070,Chelmsford,0.19334641779787448
E14000767,Kenilworth and Southam,E07000220,Rugby,0.19471147031626768
E14000684,Eastbourne,E07000065,Wealden,0.19643685832888874
E14000968,Stevenage,E07000242,East Hertfordshire,0.19828362013807613
E14000929,Sleaford and North Hykeham,E07000141,South Kesteven,0.20292439434145396
E14000571,Blackley and Broughton,E08000006,Salford,0.20618473044071933
E14000948,South Thanet,E07000114,Thanet,0.2105340539240931
S14000014,"Dumfriesshire, Clydesdale and Tweeddale",S12000026,Scottish Borders,0.211032813130118
E14000909,Rutland and Melton,E07000131,Harborough,0.2164945665047667
E14000874,Oxford West and Abingdon,E07000177,Cherwell,0.21672658196041691
E14000596,Brigg and Goole,E06000011,East Riding of Yorkshire,0.21992361697550694
S14000014,"Dumfriesshire, Clydesdale and Tweeddale",S12000029,South Lanarkshire,0.2223594754256641
E14000694,Epsom and Ewell,E07000210,Mole Valley,0.22377476512438063
E14000855,North West Cambridgeshire,E06000031,Peterborough,0.22639107278718712
E14000829,Newark,E07000171,Bassetlaw,0.2267486676389571
E14001059,Wythenshawe and Sale East,E08000009,Trafford,0.227490602160139
E14000534,Arundel and South Downs,E07000224,Arun,0.22964437371947966
E14000606,Broxbourne,E07000241,Welwyn Hatfield,0.2306486621031336
W07000055,Newport East,W06000021,Monmouthshire,0.23233857218215992
N06000009,Lagan Valley,N09000002,"Armagh City, Banbridge and Craigavon",0.23378733699560658
E14000626,Chatham and Aylesford,E06000035,Medway,0.23460468148915553
E14000899,Rochford and Southend East,E06000033,Southend-on-Sea,0.23740125039244264
E14000786,Lewes,E07000065,Wealden,0.23869130677987543
E14000634,Chingford and Woodford Green,E09000026,Redbridge,0.2393147321121274
E14000896,Richmond Park,E09000021,Kingston upon Thames,0.23933620779938025
E14000773,Kingston upon Hull West and Hessle,E06000011,East Riding of Yorkshire,0.2406453840867986
E14000682,East Worthing and Shoreham,E07000229,Worthing,0.24127126826023496
E14000943,South Ribble,E07000118,Chorley,0.2414603165483562
N06000007,Fermanagh and South Tyrone,N09000009,Mid Ulster,0.24150291616443295
E14000842,North East Cambridgeshire,E07000009,East Cambridgeshire,0.24486974909679338
E14000597,"Brighton, Kemptown",E07000063,Lewes,0.24907698949953222
E14000753,Horsham,E07000228,Mid Sussex,0.2497664093520383
E14000661,Denton and Reddish,E08000007,Stockport,0.2512137080841197
N06000016,Strangford,N09000010,"Newry, Mourne and Down",0.25482700816479387
E14000537,Ashton-under-Lyne,E08000004,Oldham,0.2553417406160063
E14000534,Arundel and South Downs,E07000225,Chichester,0.2560091391634748
E14000993,Thirsk and Malton,E07000164,Hambleton,0.25825254664374664
E14000776,Lancaster and Fleetwood,E07000128,Wyre,0.2626411663573695
E14000530,Aldershot,E07000089,Hart,0.2631891834912711
N06000005,East Antrim,N09000004,Causeway Coast and Glens,0.2657595054518129
E14000924,Sherwood,E07000173,Gedling,0.2659729483843878
E14000877,Penrith and The Border,E07000028,Carlisle,0.2671443235082045
E14001045,Witham,E07000071,Colchester,0.2682134409011711
E14000933,South Basildon and East Thurrock,E07000066,Basildon,0.2729017402806213
E14000814,Mid Derbyshire,E07000032,Amber Valley,0.27433994423352986
E14000543,Barrow and Furness,E07000027,Barrow-in-Furness,0.27636297500415735
S14000016,Dundee West,S12000042,Dundee City,0.27715021730042066
E14000973,Stoke-on-Trent North,E07000195,Newcastle-under-Lyme,0.2813022307196062
E14000917,Selby and Ainsty,E07000165,Harrogate,0.2915577881782535
E14000577,Bolsover,E07000038,North East Derbyshire,0.2916010864275912
E14000889,Reading East,E06000041,Wokingham,0.2930799674833448
S14000010,Central Ayrshire,S12000021,North Ayrshire,0.29439977811947915
E14000713,Gosport,E07000087,Fareham,0.3025851624052151
E14000992,The Wrekin,E06000051,Shropshire,0.3051770084180143
E14000603,Broadland,E07000147,North Norfolk,0.3095447042118837
E14000557,Bexhill and Battle,E07000065,Wealden,0.3107597357602303
E14000767,Kenilworth and Southam,E07000222,Warwick,0.3110019788284594
E14000623,Central Devon,E07000047,West Devon,0.31392686979022
W07000071,Merthyr Tydfil and Rhymney,W06000018,Caerphilly,0.3139862374394438
E14000613,Bury St Edmunds,E07000245,West Suffolk,0.3166364309825481
N06000002,Belfast North,N09000001,Antrim and Newtownabbey,0.31931279096707543
E14000841,North East Bedfordshire,E06000056,Central Bedfordshire,0.3213379447075782
E14000987,Tatton,E06000050,Cheshire West and Chester,0.3243780882104894
E14000727,Hampstead and Kilburn,E09000005,Brent,0.32597158931868925
E14000624,Central Suffolk and North Ipswich,E07000244,East Suffolk,0.32651779977146733
E14000595,Bridgwater and West Somerset,E07000188,Sedgemoor,0.3281666675255994
E14000943,South Ribble,E07000126,South Ribble,0.33040691987906196
E14000623,Central Devon,E07000045,Teignbridge,0.331928392649565
E14000824,Mole Valley,E07000209,Guildford,0.3323950214888655
E14000623,Central Devon,E07000042,Mid Devon,0.33322466965721015
E14000863,Norwich North,E07000148,Norwich,0.3346092039780112
W07000080,Cardiff South and Penarth,W06000014,Vale of Glamorgan,0.33478665325750234
N06000003,Belfast South,N09000007,Lisburn and Castlereagh,0.33480714969965486
E14001045,Witham,E07000074,Maldon,0.3442775462949409
E14000803,Maidenhead,E06000041,Wokingham,0.3458134048351391
E14000700,Faversham and Mid Kent,E07000113,Swale,0.3483987035829387
S14000006,"Ayr, Carrick and Cumnock",S12000008,East Ayrshire,0.3498937835390575
E14000909,Rutland and Melton,E06000017,Rutland,0.351915926031559
E14000826,Morley and Outwood,E08000036,Wakefield,0.35545851540203005
W07000062,Clwyd South,W06000004,Denbighshire,0.3566928791258045
E14001047,Woking,E07000209,Guildford,0.35731897545641883
E14000997,Tonbridge and Malling,E07000111,Sevenoaks,0.35748370197084506
E14000572,Blackpool North and Cleveleys,E07000128,Wyre,0.3629286005569932
E14000857,North West Hampshire,E07000093,Test Valley,0.36401714226926746
E14000892,Redditch,E07000236,Redditch,0.36529973925440157
E14000895,Richmond (Yorks),E07000164,Hambleton,0.3653878447784904
E14000722,Halesowen and Rowley Regis,E08000028,Sandwell,0.3657016112873345
E14000937,South East Cambridgeshire,E07000012,South Cambridgeshire,0.3684486795257316
E14001055,Worthing West,E07000224,Arun,0.3713968893472164
E14000804,Maidstone and The Weald,E07000116,Tunbridge Wells,0.3716689542338123
E14001026,Wells,E07000188,Sedgemoor,0.37670859243459176
E14000951,South West Hertfordshire,E07000102,Three Rivers,0.37752061831230227
E14000647,Copeland,E07000026,Allerdale,0.3782135376672084
N06000011,Newry and Armagh,N09000010,"Newry, Mourne and Down",0.3785281734887171
E14000629,Chelsea and Fulham,E09000020,Kensington and Chelsea,0.3813765805741994
E14000696,Erith and Thamesmead,E09000011,Greenwich,0.38217845428208974
E14000657,Dagenham and Rainham,E09000002,Barking and Dagenham,0.38254179762401996
E14000729,Harlow,E07000073,Harlow,0.38321921489123945
E14001045,Witham,E07000067,Braintree,0.3875090020581474
E14000806,Maldon,E07000070,Chelmsford,0.38810388658295797
E14000586,Bracknell,E06000041,Wokingham,0.3890174394168273
E14000845,North East Hertfordshire,E07000099,North Hertfordshire,0.39037035468592124
E14000968,Stevenage,E07000099,North Hertfordshire,0.3921937574816324
E14000876,Penistone and Stocksbridge,E08000019,Sheffield,0.3928558536892632
E14000749,Hitchin and Harpenden,E07000240,St Albans,0.39550267176266785
S14000051,Orkney and Shetland,S12000023,Orkney Islands,0.3990043445444803
E14001057,Wyre and Preston North,E07000123,Preston,0.40388931186030064
N06000001,Belfast East,N09000007,Lisburn and Castlereagh,0.40517726671371695
E14000708,Garston and Halewood,E08000011,Knowsley,0.40626742644977604
E14000940,South Leicestershire,E07000129,Blaby,0.40719234757753026
E14000968,Stevenage,E07000243,Stevenage,0.40952262136699474
E14000890,Reading West,E06000038,Reading,0.4110518316074398
E14000686,Eddisbury,E06000049,Cheshire East,0.4125596021873135
E14000932,Somerton and Frome,E07000187,Mendip,0.413916350559043
E14001000,Torridge and West Devon,E07000047,West Devon,0.4199008281375827
E14001021,Watford,E07000102,Three Rivers,0.4204714625275046
E14000534,Arundel and South Downs,E07000227,Horsham,0.4214926458163197
E14000943,South Ribble,E07000127,West Lancashire,0.4281327612037225
W07000066,Carmarthen West and South Pembrokeshire,W06000009,Pembrokeshire,0.42934034355706097
E14000909,Rutland and Melton,E07000133,Melton,0.43158949967262683
W07000059,Clwyd West,W06000004,Denbighshire,0.4316713274890626
N06000018,West Tyrone,N09000005,Derry City and Strabane,0.43234144964784055
E14001042,Windsor,E06000036,Bracknell Forest,0.4328303441862079
E14000868,Nuneaton,E07000218,North Warwickshire,0.4342473571451419
E14000928,Skipton and Ripon,E07000165,Harrogate,0.4372183082556328
S14000043,Linlithgow and East Falkirk,S12000014,Falkirk,0.4383047708632448
E14000852,North Thanet,E07000106,Canterbury,0.4392293540540132
E14000801,Luton South,E06000032,Luton,0.44049468557040394
E14000792,Lincoln,E07000139,North Kesteven,0.4413427487698523
E14000902,Rossendale and Darwen,E06000008,Blackburn with Darwen,0.4444767608229857
E14000791,Lichfield,E07000193,East Staffordshire,0.44602813334123553
N06000012,North Antrim,N09000008,Mid and East Antrim,0.45435090456776417
E14000915,Sedgefield,E06000005,Darlington,0.45577200946902235
E14000965,Stafford,E07000196,South Staffordshire,0.4584497583857757
E14000638,Christchurch,E06000058,"Bournemouth, Christchurch and Poole",0.4637356375678477
E14000790,Leyton and Wanstead,E09000026,Redbridge,0.4685264209527726
S14000012,"Cumbernauld, Kilsyth and Kirkintilloch East",S12000045,East Dunbartonshire,0.46912817780051214
E14000719,Guildford,E07000216,Waverley,0.47056097742381503
E14000788,Lewisham West and Penge,E09000006,Bromley,0.47386739936904526
E14000673,Dulwich and West Norwood,E09000028,Southwark,0.4748365088875604
E14000734,Harwich and North Essex,E07000071,Colchester,0.4768466510323407
E14000594,Brentwood and Ongar,E07000068,Brentwood,0.4830669818614399
E14000582,Boston and Skegness,E07000137,East Lindsey,0.4859610039743049
E14000996,Tiverton and Honiton,E07000042,Mid Devon,0.4907787640738045
E14000767,Kenilworth and Southam,E07000221,Stratford-on-Avon,0.4942865425475746
E14000643,Cleethorpes,E06000012,North East Lincolnshire,0.4959351052081891
E14001048,Wokingham,E06000037,West Berkshire,0.49610492767440845
E14000952,South West Norfolk,E07000146,King's Lynn and West Norfolk,0.4974431552606752
E14000844,North East Hampshire,E07000084,Basingstoke and Deane,0.49838671074380425
E14000844,North East Hampshire,E07000089,Hart,0.5015908500905109
E14000952,South West Norfolk,E07000143,Breckland,0.5025568375591776
E14001048,Wokingham,E06000041,Wokingham,0.5038950496195285
E14000643,Cleethorpes,E06000013,North Lincolnshire,0.5040648916679603
E14000996,Tiverton and Honiton,E07000040,East Devon,0.5091807136056726
E14000582,Boston and Skegness,E07000136,Boston,0.5140389166194795
E14000594,Brentwood and Ongar,E07000072,Epping Forest,0.5169330117834844
E14000734,Harwich and North Essex,E07000076,Tendring,0.523153175094771
E14000673,Dulwich and West Norwood,E09000022,Lambeth,0.5251634888640296
E14000788,Lewisham West and Penge,E09000023,Lewisham,0.5261325955267868
E14001042,Windsor,E06000040,Windsor and Maidenhead,0.5292018601367822
E14000719,Guildford,E07000209,Guildford,0.5294390197363464
S14000012,"Cumbernauld, Kilsyth and Kirkintilloch East",S12000050,North Lanarkshire,0.5308718221994853
E14000790,Leyton and Wanstead,E09000031,Waltham Forest,0.5314735789274927
E14000638,Christchurch,E06000059,Dorset,0.5362643573159578
E14000814,Mid Derbyshire,E07000036,Erewash,0.5380155916843264
E14000965,Stafford,E07000197,Stafford,0.541550227880201
N06000012,North Antrim,N09000004,Causeway Coast and Glens,0.5436924570202772
E14000915,Sedgefield,E06000047,County Durham,0.5442279832182448
E14000791,Lichfield,E07000194,Lichfield,0.5539718659200682
E14000902,Rossendale and Darwen,E07000125,Rossendale,0.5555232016160049
E14000792,Lincoln,E07000138,Lincoln,0.5586572465413078
E14000801,Luton South,E06000056,Central Bedfordshire,0.5595053077825927
E14000852,North Thanet,E07000114,Thanet,0.5607706449360631
S14000043,Linlithgow and East Falkirk,S12000040,West Lothian,0.5616952290824555
E14000928,Skipton and Ripon,E07000163,Craven,0.5627816880028395
E14000868,Nuneaton,E07000219,Nuneaton and Bedworth,0.5657526284994192
N06000018,West Tyrone,N09000006,Fermanagh and Omagh,0.5657653275206873
S14000014,"Dumfriesshire, Clydesdale and Tweeddale",S12000006,Dumfries and Galloway,0.5666077098558157
W07000059,Clwyd West,W06000003,Conwy,0.5683286723756387
W07000066,Carmarthen West and South Pembrokeshire,W06000010,Carmarthenshire,0.5706596551166214
E14001021,Watford,E07000103,Watford,0.5795285374708588
E14001000,Torridge and West Devon,E07000046,Torridge,0.5800968895605639
N06000001,Belfast East,N09000003,Belfast,0.5825378840374926
E14000932,Somerton and Frome,E07000189,South Somerset,0.5860836464398597
E14000686,Eddisbury,E06000050,Cheshire West and Chester,0.5874403957797649
E14000890,Reading West,E06000037,West Berkshire,0.5887574979715869
E14000940,South Leicestershire,E07000131,Harborough,0.5928076181979766
E14000708,Garston and Halewood,E08000012,Liverpool,0.5937325735094993
E14001057,Wyre and Preston North,E07000128,Wyre,0.5961083868602197
S14000051,Orkney and Shetland,S12000027,Shetland Islands,0.6009956518777555
E14000749,Hitchin and Harpenden,E07000099,North Hertfordshire,0.6044973211430663
E14000876,Penistone and Stocksbridge,E08000016,Barnsley,0.6071441463106625
E14000845,North East Hertfordshire,E07000242,East Hertfordshire,0.6095982360223094
E14000586,Bracknell,E06000036,Bracknell Forest,0.6109825509146825
E14000806,Maldon,E07000074,Maldon,0.6118960554396817
E14000729,Harlow,E07000072,Epping Forest,0.6167807832420148
E14000657,Dagenham and Rainham,E09000016,Havering,0.6174581829013926
E14000696,Erith and Thamesmead,E09000004,Bexley,0.617821545195457
E14000629,Chelsea and Fulham,E09000013,Hammersmith and Fulham,0.618623418743178
N06000011,Newry and Armagh,N09000002,"Armagh City, Banbridge and Craigavon",0.6197343563417693
E14000647,Copeland,E07000029,Copeland,0.6217864589366396
E14000951,South West Hertfordshire,E07000096,Dacorum,0.6224793299217046
E14001026,Wells,E07000187,Mendip,0.6232914043771176
E14000804,Maidstone and The Weald,E07000110,Maidstone,0.6283310398322617
E14001055,Worthing West,E07000229,Worthing,0.6286031080166165
E14000829,Newark,E07000175,Newark and Sherwood,0.6310881190734773
E14000937,South East Cambridgeshire,E07000009,East Cambridgeshire,0.6315513099375651
E14000722,Halesowen and Rowley Regis,E08000027,Dudley,0.634298388712668
E14000895,Richmond (Yorks),E07000166,Richmondshire,0.6346070983949972
E14000892,Redditch,E07000238,Wychavon,0.6347002490500936
E14000857,North West Hampshire,E07000084,Basingstoke and Deane,0.6359813320827108
E14000572,Blackpool North and Cleveleys,E06000009,Blackpool,0.6370713994331182
E14000997,Tonbridge and Malling,E07000115,Tonbridge and Malling,0.6425162908315136
E14001047,Woking,E07000217,Woking,0.6426810084167953
W07000062,Clwyd South,W06000006,Wrexham,0.6433071164300562
E14000826,Morley and Outwood,E08000035,Leeds,0.64454148459797
S14000006,"Ayr, Carrick and Cumnock",S12000028,South Ayrshire,0.650106215831074
E14000700,Faversham and Mid Kent,E07000110,Maidstone,0.6516012847295319
E14000803,Maidenhead,E06000040,Windsor and Maidenhead,0.6541467942414058
E14000694,Epsom and Ewell,E07000208,Epsom and Ewell,0.6587882631441888
E14000624,Central Suffolk and North Ipswich,E07000203,Mid Suffolk,0.6634721936064818
N06000003,Belfast South,N09000003,Belfast,0.6651928503003458
W07000080,Cardiff South and Penarth,W06000015,Cardiff,0.6652133429367618
E14000863,Norwich North,E07000144,Broadland,0.6653907945044532
E14000874,Oxford West and Abingdon,E07000180,Vale of White Horse,0.6665554829634904
E14000824,Mole Valley,E07000210,Mole Valley,0.667604966371441
E14000595,Bridgwater and West Somerset,E07000246,Somerset West and Taunton,0.671821668247946
E14000727,Hampstead and Kilburn,E09000007,Camden,0.6740284106813119
E14000987,Tatton,E06000049,Cheshire East,0.6756219093243405
N06000002,Belfast North,N09000003,Belfast,0.6757240257188665
E14000841,North East Bedfordshire,E06000055,Bedford,0.6786620499587673
E14000924,Sherwood,E07000175,Newark and Sherwood,0.6815466990367077
E14000613,Bury St Edmunds,E07000203,Mid Suffolk,0.6833635685531657
W07000071,Merthyr Tydfil and Rhymney,W06000024,Merthyr Tydfil,0.6860137604415307
N06000016,Strangford,N09000011,Ards and North Down,0.6871409333751131
E14000557,Bexhill and Battle,E07000064,Rother,0.6892402641987408
E14000877,Penrith and The Border,E07000030,Eden,0.6894677804291346
E14000603,Broadland,E07000144,Broadland,0.6904552938679407
E14000992,The Wrekin,E06000020,Telford and Wrekin,0.6948229866526898
E14000713,Gosport,E07000088,Gosport,0.6974148301374123
E14000993,Thirsk and Malton,E07000167,Ryedale,0.7052677984384791
S14000010,Central Ayrshire,S12000028,South Ayrshire,0.7056002120488911
E14000889,Reading East,E06000038,Reading,0.7068173603305091
E14000577,Bolsover,E07000033,Bolsover,0.7083988935508149
E14000917,Selby and Ainsty,E07000169,Selby,0.7084421993812908
E14000975,Stone,E07000197,Stafford,0.7091610441915234
N06000005,East Antrim,N09000008,Mid and East Antrim,0.7179850943449295
E14000973,Stoke-on-Trent North,E06000021,Stoke-on-Trent,0.7186977692803942
S14000016,Dundee West,S12000041,Angus,0.7228497819980002
E14000543,Barrow and Furness,E07000031,South Lakeland,0.7236370057719861
E14000933,South Basildon and East Thurrock,E06000034,Thurrock,0.7270982595371264
E14000530,Aldershot,E07000092,Rushmoor,0.7368108122374581
E14000776,Lancaster and Fleetwood,E07000121,Lancaster,0.7373588208356168
E14000537,Ashton-under-Lyne,E08000008,Tameside,0.7446582593839945
N06000007,Fermanagh and South Tyrone,N09000006,Fermanagh and Omagh,0.7465900763871193
N06000009,Lagan Valley,N09000007,Lisburn and Castlereagh,0.7470002290145711
E14000661,Denton and Reddish,E08000008,Tameside,0.7487862919158806
E14000753,Horsham,E07000227,Horsham,0.7502335876220033
E14000597,"Brighton, Kemptown",E06000043,Brighton and Hove,0.7509230091079454
E14000842,North East Cambridgeshire,E07000010,Fenland,0.7551302345054488
E14000682,East Worthing and Shoreham,E07000223,Adur,0.7587286643998142
E14000773,Kingston upon Hull West and Hessle,E06000010,"Kingston upon Hull, City of",0.7593546030902684
E14000896,Richmond Park,E09000027,Richmond upon Thames,0.7606637647970927
E14000634,Chingford and Woodford Green,E09000031,Waltham Forest,0.7606851948378194
E14000786,Lewes,E07000063,Lewes,0.7613086869846541
E14000899,Rochford and Southend East,E07000075,Rochford,0.7625987488306251
E14000626,Chatham and Aylesford,E07000115,Tonbridge and Malling,0.7653952918547031
W07000055,Newport East,W06000022,Newport,0.767661427794781
E14000606,Broxbourne,E07000095,Broxbourne,0.7693513268907528
E14001059,Wythenshawe and Sale East,E08000003,Manchester,0.7725093978398615
E14000855,North West Cambridgeshire,E07000011,Huntingdonshire,0.7736089180154322
E14000596,Brigg and Goole,E06000013,North Lincolnshire,0.7800763687582062
E14000948,South Thanet,E07000108,Dover,0.7894659081714402
E14000571,Blackley and Broughton,E08000003,Manchester,0.793815269559281
E14000929,Sleaford and North Hykeham,E07000139,North Kesteven,0.7970755992493888
E14000684,Eastbourne,E07000061,Eastbourne,0.8035631412370027
E14000910,Saffron Walden,E07000077,Uttlesford,0.8066535810853026
E14000758,Hyndburn,E07000120,Hyndburn,0.8088954932799568
W07000074,Ogmore,W06000013,Bridgend,0.8184846081554422
E14001035,West Worcestershire,E07000235,Malvern Hills,0.8186065174023025
E14000963,St Helens South and Whiston,E08000013,St. Helens,0.8194884754931397
E14000906,"Ruislip, Northwood and Pinner",E09000017,Hillingdon,0.820146202597879
E14000704,Folkestone and Hythe,E07000112,Folkestone and Hythe,0.8224940975722616
E14000639,Cities of London and Westminster,E09000033,Westminster,0.8235919793975627
S14000015,Dundee East,S12000041,Angus,0.8239740678375479
E14001028,Wentworth and Dearne,E08000018,Rotherham,0.8269544863148818
E14000986,Tamworth,E07000194,Lichfield,0.8283884066547345
E14001024,Weaver Vale,E06000050,Cheshire West and Chester,0.8298208702378188
E14000907,Runnymede and Weybridge,E07000212,Runnymede,0.8318564675513231
E14000735,Hastings and Rye,E07000064,Rother,0.8318791500833888
E14000813,Mid Bedfordshire,E06000056,Central Bedfordshire,0.8370827679768178
N06000006,East Londonderry,N09000004,Causeway Coast and Glens,0.8398832421496764
E14000815,Mid Dorset and North Poole,E06000059,Dorset,0.8423179256170958
E14000765,Jarrow,E08000023,South Tyneside,0.8427388387600483
E14001015,Wantage,E07000180,Vale of White Horse,0.8432338180828509
E14000659,Dartford,E07000107,Dartford,0.847096185717016
E14000816,Mid Norfolk,E07000143,Breckland,0.8495462041025263
E14000811,Meon Valley,E07000094,Winchester,0.8533981959503898
E14000742,Henley,E07000179,South Oxfordshire,0.8572406387522601
N06000004,Belfast West,N09000003,Belfast,0.8580307242418285
E14000625,Charnwood,E07000130,Charnwood,0.8657567714017789
E14000535,Ashfield,E07000170,Ashfield,0.8673507749643738
E14001050,Wolverhampton South East,E08000031,Wolverhampton,0.8700331014665337
E14000664,Derbyshire Dales,E07000035,Derbyshire Dales,0.8734258125598404
E14000888,Rayleigh and Wickford,E07000075,Rochford,0.87424439280387
E14000820,Middlesbrough South and East Cleveland,E06000003,Redcar and Cleveland,0.8745294325345551
N06000015,South Down,N09000010,"Newry, Mourne and Down",0.8746810982210484
E14000983,Surrey Heath,E07000214,Surrey Heath,0.8796911201450935
E14000728,Harborough,E07000131,Harborough,0.8849996435957384
E14000960,St Albans,E07000240,St Albans,0.8878588084926706
N06000014,South Antrim,N09000001,Antrim and Newtownabbey,0.8961758434496823
E14000705,Forest of Dean,E07000080,Forest of Dean,0.9008011432609199
S14000050,Ochil and South Perthshire,S12000048,Perth and Kinross,0.9074184232691169
E14000946,South Suffolk,E07000200,Babergh,0.9118544537198288
E14000843,North East Derbyshire,E07000038,North East Derbyshire,0.9181067260170883
E14000894,Ribble Valley,E07000124,Ribble Valley,0.924150524776928
E14000950,South West Devon,E07000044,South Hams,0.9296196319801145
E14000854,North Warwickshire,E07000218,North Warwickshire,0.9315704919319218
E14000580,Bolton West,E08000001,Bolton,0.9340352676230538
E14000864,Norwich South,E07000148,Norwich,0.9360029935946419
E14000991,The Cotswolds,E07000079,Cotswold,0.9395362675166882
E14000905,Rugby,E07000220,Rugby,0.9443319998143982
E14001001,Totnes,E07000044,South Hams,0.9523027137785675
E14000706,Fylde,E07000119,Fylde,0.9528428458517301
E14000660,Daventry,E06000062,West Northamptonshire,0.9550396838089723
E14000681,East Surrey,E07000215,Tandridge,0.956728712055125
E14000707,Gainsborough,E07000142,West Lindsey,0.9622844181279334
E14000939,South Holland and The Deepings,E07000140,South Holland,0.9631468421392841
S14000037,Gordon,S12000034,Aberdeenshire,0.9632896060516594
E14000990,Tewkesbury,E07000083,Tewkesbury,0.9669889550377467
E14000964,St Ives,E06000052,Cornwall,0.9693550221399279
E14000678,East Devon,E07000040,East Devon,0.972737237581635
E14001041,Winchester,E07000094,Winchester,0.9780225358164852
E14000901,Romsey and Southampton North,E07000093,Test Valley,0.9821635294781185
N06000013,North Down,N09000011,Ards and North Down,0.988066258300264
E14000966,Staffordshire Moorlands,E07000198,Staffordshire Moorlands,0.9891525903855817
W07000054,Monmouth,W06000021,Monmouthshire,0.9896302375137023
E14000934,South Cambridgeshire,E07000012,South Cambridgeshire,0.9928205689713384
S14000030,Glasgow East,S12000049,Glasgow City,0.9951998098144191
N06000008,Foyle,N09000005,Derry City and Strabane,0.9965295752664657
N06000010,Mid Ulster,N09000009,Mid Ulster,0.9973350598376385
N06000017,Upper Bann,N09000002,"Armagh City, Banbridge and Craigavon",0.9974684287207591
S14000018,East Dunbartonshire,S12000045,East Dunbartonshire,0.9985127340546739
E14000575,Blyth Valley,E06000057,Northumberland,0.9996587092850482
E14001006,Tynemouth,E08000022,North Tyneside,0.9996787877495158
W07000068,Brecon and Radnorshire,W06000023,Powys,0.9997112022632274
E14000699,Fareham,E07000087,Fareham,0.9997431088530193
S14000032,Glasgow North East,S12000049,Glasgow City,0.9998028487318457
E14000574,Blaydon,E08000037,Gateshead,0.9998744707193731
E14000833,Newcastle upon Tyne North,E08000021,Newcastle upon Tyne,0.9998759247940441
E14000913,Scarborough and Whitby,E07000168,Scarborough,0.9998773163276904
E14001056,Wycombe,E06000060,Buckinghamshire,0.999920790422781
E14001060,Yeovil,E07000189,South Somerset,0.999937616953496
E14001062,York Outer,E06000014,York,0.9999438205919937
E14001027,Welwyn Hatfield,E07000241,Welwyn Hatfield,0.9999610297228143
E14000988,Taunton Deane,E07000246,Somerset West and Taunton,0.9999612730741577
E14000685,Eastleigh,E07000086,Eastleigh,0.9999616242178505
E14000746,Hexham,E06000057,Northumberland,0.999966007173538
E14000680,East Hampshire,E07000085,East Hampshire,0.9999661944835877
E14000736,Havant,E07000090,Havant,0.999969375456863
E14000883,Portsmouth North,E06000044,Portsmouth,0.9999722812547096
E14000838,North Devon,E07000043,North Devon,0.9999774791115408
S14000041,Kirkcaldy and Cowdenbeath,S12000047,Fife,0.9999786010127983
E14000608,Buckingham,E06000060,Buckinghamshire,0.9999787864352883
E14000853,North Tyneside,E08000022,North Tyneside,0.9999807045807751
E14000856,North West Durham,E06000047,County Durham,0.9999808266942842
S14000002,Aberdeen South,S12000033,Aberdeen City,0.9999828568030056
E14000830,Newbury,E06000037,West Berkshire,0.9999916021407278
E14000683,East Yorkshire,E06000011,East Riding of Yorkshire,0.9999969130705411
W07000075,Pontypridd,W06000016,Rhondda Cynon Taf,0.9999978498356515
W07000079,Cardiff West,W06000015,Cardiff,0.9999978833840453
E14000554,Berwick-upon-Tweed,E06000057,Northumberland,0.9999985858085879
E14000540,Barking,E09000002,Barking and Dagenham,0.9999991300386516
W07000046,Gower,W06000011,Swansea,0.9999992194328181
E14000698,Exeter,E07000041,Exeter,0.9999992624119806
E14000744,Hertford and Stortford,E07000242,East Hertfordshire,0.9999992649466067
S14000033,Glasgow North West,S12000049,Glasgow City,0.9999995552868183
E14000642,Clacton,E07000076,Tendring,0.9999995712911959
S14000008,"Berwickshire, Roxburgh and Selkirk",S12000026,Scottish Borders,0.999999590709193
W07000056,Newport West,W06000022,Newport,0.9999996647386011
E14000898,Rochester and Strood,E06000035,Medway,0.9999997134163361
W07000073,Bridgend,W06000013,Bridgend,0.9999997262035578
E14000867,Nottingham South,E06000018,Nottingham,0.9999997271342818
E14000622,Castle Point,E07000069,Castle Point,0.9999997715678236
W07000078,Vale of Glamorgan,W06000014,Vale of Glamorgan,0.9999997892001283
E14001049,Wolverhampton North East,E08000031,Wolverhampton,0.9999998301942953
E14001007,Uxbridge and South Ruislip,E09000017,Hillingdon,0.9999998743776223
E14000784,Leicester West,E06000016,Leicester,0.9999998799269849
E14000652,Crawley,E07000226,Crawley,0.9999998870519731
E14000859,North West Norfolk,E07000146,King's Lynn and West Norfolk,0.9999998991862332
E14000718,Greenwich and Woolwich,E09000011,Greenwich,0.9999999082845071
W07000069,Neath,W06000012,Neath Port Talbot,0.9999999154387245
E14000725,Halton,E06000006,Halton,0.9999999156660732
E14000832,Newcastle upon Tyne East,E08000021,Newcastle upon Tyne,0.999999921429821
W07000042,Delyn,W06000005,Flintshire,0.9999999215315427
E14000819,Middlesbrough,E06000002,Middlesbrough,0.9999999275394178
E14000609,Burnley,E07000117,Burnley,0.9999999277830287
W07000045,Llanelli,W06000010,Carmarthenshire,0.9999999290615774
S14000045,Midlothian,S12000019,Midlothian,0.9999999341738603
E14000848,North Norfolk,E07000147,North Norfolk,0.9999999405617244
E14000688,Ellesmere Port and Neston,E06000050,Cheshire West and Chester,0.9999999407497427
E14000662,Derby North,E06000015,Derby,0.9999999413781386
E14001020,Washington and Sunderland West,E08000024,Sunderland,0.9999999422221496
S14000035,Glasgow South West,S12000049,Glasgow City,0.9999999427640359
E14000865,Nottingham East,E06000018,Nottingham,0.999999944111181
E14000568,"Birmingham, Yardley",E08000025,Birmingham,0.9999999466191261
E14000875,Pendle,E07000122,Pendle,0.9999999496477423
E14001005,Twickenham,E09000027,Richmond upon Thames,0.9999999496683782
S14000038,Inverclyde,S12000018,Inverclyde,0.9999999514537122
E14000726,Hammersmith,E09000013,Hammersmith and Fulham,0.9999999514709527
W07000043,Alyn and Deeside,W06000005,Flintshire,0.9999999515068576
E14000972,Stoke-on-Trent Central,E06000021,Stoke-on-Trent,0.999999952005097
E14000770,Kingston and Surbiton,E09000021,Kingston upon Thames,0.9999999529832443
E14000607,Broxtowe,E07000172,Broxtowe,0.9999999540777776
E14000710,Gedling,E07000173,Gedling,0.9999999544276886
E14000981,Suffolk Coastal,E07000244,East Suffolk,0.9999999556517973
E14000927,Sittingbourne and Sheppey,E07000113,Swale,0.9999999560097209
E14001054,Worsley and Eccles South,E08000006,Salford,0.9999999572375771
E14000880,"Plymouth, Sutton and Devonport",E06000026,Plymouth,0.9999999572610839
E14000548,Batley and Spen,E08000034,Kirklees,0.9999999578604398
E14000772,Kingston upon Hull North,E06000010,"Kingston upon Hull, City of",0.9999999579125506
E14000840,North Durham,E06000047,County Durham,0.9999999579850628
E14000651,Coventry South,E08000026,Coventry,0.9999999583876232
E14000632,Chesterfield,E07000034,Chesterfield,0.9999999608130603
S14000025,Edinburgh South West,S12000036,City of Edinburgh,0.9999999625090359
S14000034,Glasgow South,S12000049,Glasgow City,0.9999999627729214
E14000633,Chichester,E07000225,Chichester,0.999999962893431
E14000958,Southport,E08000014,Sefton,0.9999999630955574
E14000884,Portsmouth South,E06000044,Portsmouth,0.9999999631369708
E14001036,Westminster North,E09000033,Westminster,0.9999999637148927
S14000059,West Dunbartonshire,S12000039,West Dunbartonshire,0.9999999644359737
E14000922,"Sheffield, Hallam",E08000019,Sheffield,0.9999999647452004
E14000999,Torbay,E06000027,Torbay,0.9999999655825461
E14000620,Carlisle,E07000028,Carlisle,0.9999999681222667
W07000070,Cynon Valley,W06000016,Rhondda Cynon Taf,0.9999999692790877
E14000754,Houghton and Sunderland South,E08000024,Sunderland,0.9999999695353057
E14000823,Mitcham and Morden,E09000024,Merton,0.9999999697075278
S14000052,Paisley and Renfrewshire North,S12000038,Renfrewshire,0.9999999700726226
E14000882,Poplar and Limehouse,E09000030,Tower Hamlets,0.9999999721537953
E14000837,North Cornwall,E06000052,Cornwall,0.9999999724597752
E14000947,South Swindon,E06000030,Swindon,0.9999999731679586
E14000789,"Lewisham, Deptford",E09000023,Lewisham,0.9999999732037756
E14001008,Vauxhall,E09000022,Lambeth,0.9999999734653933
E14000953,South West Surrey,E07000216,Waverley,0.9999999735574613
E14000782,Leicester East,E06000016,Leicester,0.9999999736224595
W07000072,Blaenau Gwent,W06000019,Blaenau Gwent,0.9999999737787434
E14000887,Putney,E09000032,Wandsworth,0.9999999738698121
E14000550,Beaconsfield,E06000060,Buckinghamshire,0.9999999740924777
E14000984,Sutton and Cheam,E09000029,Sutton,0.9999999746765769
S14000011,"Coatbridge, Chryston and Bellshill",S12000050,North Lanarkshire,0.9999999749676564
E14000836,"Normanton, Pontefract and Castleford",E08000036,Wakefield,0.9999999749830041
E14000619,Canterbury,E07000106,Canterbury,0.9999999753951753
E14000631,Chesham and Amersham,E06000060,Buckinghamshire,0.999999975440187
E14000674,Ealing Central and Acton,E09000009,Ealing,0.9999999759960737
E14000695,Erewash,E07000036,Erewash,0.9999999760015443
E14000751,Hornchurch and Upminster,E09000016,Havering,0.9999999760342637
W07000044,Wrexham,W06000006,Wrexham,0.9999999766254974
E14001017,Warrington North,E06000007,Warrington,0.9999999768841819
E14000593,Brentford and Isleworth,E09000018,Hounslow,0.9999999769688368
E14001018,Warrington South,E06000007,Warrington,0.9999999774086435
E14000916,Sefton Central,E08000014,Sefton,0.9999999775354068
E14000689,Elmet and Rothwell,E08000035,Leeds,0.9999999786215497
E14000768,Kensington,E09000020,Kensington and Chelsea,0.9999999789497138
E14001058,Wyre Forest,E07000239,Wyre Forest,0.9999999802409618
E14000955,"Southampton, Itchen",E06000045,Southampton,0.9999999803444803
E14000679,East Ham,E09000025,Newham,0.9999999806117332
E14000878,Peterborough,E06000031,Peterborough,0.9999999806211677
E14001043,Wirral South,E08000015,Wirral,0.9999999806430672
E14000822,Milton Keynes South,E06000042,Milton Keynes,0.999999980718214
E14000553,Bermondsey and Old Southwark,E09000028,Southwark,0.9999999808255299
E14000831,Newcastle upon Tyne Central,E08000021,Newcastle upon Tyne,0.9999999810798442
E14000949,South West Bedfordshire,E06000056,Central Bedfordshire,0.9999999813102876
E14000583,Bosworth,E07000132,Hinckley and Bosworth,0.9999999813456307
E14000974,Stoke-on-Trent South,E06000021,Stoke-on-Trent,0.9999999814401795
E14000869,Old Bexley and Sidcup,E09000004,Bexley,0.9999999816030675
E14001019,Warwick and Leamington,E07000222,Warwick,0.9999999818807338
E14000759,Ilford North,E09000026,Redbridge,0.999999982491635
E14000787,Lewisham East,E09000023,Lewisham,0.9999999826629573
E14000614,Calder Valley,E08000033,Calderdale,0.9999999826883681
E14000959,Spelthorne,E07000213,Spelthorne,0.9999999828547079
E14000879,"Plymouth, Moor View",E06000026,Plymouth,0.9999999831449817
E14000656,Croydon South,E09000008,Croydon,0.9999999832269509
E14001030,West Bromwich West,E08000028,Sandwell,0.9999999832371503
E14000825,Morecambe and Lunesdale,E07000121,Lancaster,0.9999999834798701
E14000536,Ashford,E07000105,Ashford,0.9999999836414722
E14000967,Stalybridge and Hyde,E08000008,Tameside,0.9999999839203594
E14000715,Gravesham,E07000109,Gravesham,0.9999999853620362
E14000800,Luton North,E06000032,Luton,0.9999999853771019
E14000697,Esher and Walton,E07000207,Elmbridge,0.9999999855725297
E14000630,Cheltenham,E07000078,Cheltenham,0.9999999856480545
E14001033,West Lancashire,E07000127,West Lancashire,0.9999999860463417
E14000821,Milton Keynes North,E06000042,Milton Keynes,0.999999986060326
E14000957,Southend West,E06000033,Southend-on-Sea,0.9999999861556107
E14000576,Bognor Regis and Littlehampton,E07000224,Arun,0.9999999863815797
E14000872,Orpington,E09000006,Bromley,0.9999999865233731
E14000810,Mansfield,E07000174,Mansfield,0.9999999867000685
E14000971,Stockton South,E06000004,Stockton-on-Tees,0.9999999870580443
E14000648,Corby,E06000061,North Northamptonshire,0.99999998711111
E14000945,South Staffordshire,E07000196,South Staffordshire,0.9999999872112748
E14000935,South Derbyshire,E07000039,South Derbyshire,0.9999999874722165
E14001034,West Suffolk,E07000245,West Suffolk,0.9999999876704386
E14000693,Epping Forest,E07000072,Epping Forest,0.9999999877300394
E14000995,Thurrock,E06000034,Thurrock,0.9999999878479932
E14000545,Basingstoke,E07000084,Basingstoke and Deane,0.9999999878520107
E14000587,Bradford East,E08000032,Bradford,0.9999999879740319
E14000769,Kettering,E06000061,North Northamptonshire,0.999999987997073
E14000748,High Peak,E07000037,High Peak,0.999999988674981
S14000017,Dunfermline and West Fife,S12000047,Fife,0.9999999887206008
E14001023,Wealden,E07000065,Wealden,0.999999989043109
E14000570,Blackburn,E06000008,Blackburn with Darwen,0.9999999890866844
E14000617,Cambridge,E07000008,Cambridge,0.9999999891118296
E14000785,Leigh,E08000010,Wigan,0.9999999893838603
E14000723,Halifax,E08000033,Calderdale,0.9999999894020181
E14001004,Tunbridge Wells,E07000116,Tunbridge Wells,0.9999999896378486
E14000908,Rushcliffe,E07000176,Rushcliffe,0.9999999899520946
E14000982,Sunderland Central,E08000024,Sunderland,0.9999999900266144
E14000942,South Northamptonshire,E06000062,West Northamptonshire,0.9999999900650264
E14000645,Colne Valley,E08000034,Kirklees,0.9999999901436927
E14000893,Reigate,E07000211,Reigate and Banstead,0.9999999902198292
E14000860,North Wiltshire,E06000054,Wiltshire,0.9999999902540769
E14000539,Banbury,E07000177,Cherwell,0.9999999903912293
E14000637,Chorley,E07000118,Chorley,0.9999999907394543
E14000677,Easington,E06000047,County Durham,0.9999999908407853
W07000077,Islwyn,W06000018,Caerphilly,0.999999990906644
E14000655,Croydon North,E09000008,Croydon,0.9999999909817249
E14000671,Dudley North,E08000027,Dudley,0.999999991225832
E14000712,Gloucester,E07000081,Gloucester,0.9999999912362896
E14000897,Rochdale,E08000005,Rochdale,0.9999999912447524
E14000733,Hartlepool,E06000001,Hartlepool,0.9999999914270914
E14000615,Camberwell and Peckham,E09000028,Southwark,0.9999999914696636
E14000846,North East Somerset,E06000022,Bath and North East Somerset,0.999999991488631
E14000914,Scunthorpe,E06000013,North Lincolnshire,0.9999999915577524
E14000920,Sheffield South East,E08000019,Sheffield,0.9999999917411456
E14000962,St Helens North,E08000013,St. Helens,0.9999999917634403
E14000858,North West Leicestershire,E07000134,North West Leicestershire,0.9999999918049838
S14000048,North Ayrshire and Arran,S12000021,North Ayrshire,0.9999999918530491
S14000020,East Lothian,S12000010,East Lothian,0.9999999919595665
E14000690,Eltham,E09000011,Greenwich,0.9999999921956624
E14000817,Mid Sussex,E07000228,Mid Sussex,0.9999999922512774
E14000663,Derby South,E06000015,Derby,0.9999999923172855
E14000761,Ipswich,E07000202,Ipswich,0.9999999923320817
E14000918,Sevenoaks,E07000111,Sevenoaks,0.9999999925750228
E14000610,Burton,E07000193,East Staffordshire,0.9999999927115111
E14000802,Macclesfield,E06000049,Cheshire East,0.9999999927439951
E14000989,Telford,E06000020,Telford and Wrekin,0.9999999928118974
E14000755,Hove,E06000043,Brighton and Hove,0.9999999928253445
E14000601,Bristol South,E06000023,"Bristol, City of",0.9999999928760263
E14001038,Weston-Super-Mare,E06000024,North Somerset,0.9999999928928442
E14000549,Battersea,E09000032,Wandsworth,0.9999999928952633
S14000028,Falkirk,S12000014,Falkirk,0.9999999929207954
S14000021,East Renfrewshire,S12000011,East Renfrewshire,0.9999999929542606
E14000569,Bishop Auckland,E06000047,County Durham,0.9999999929681079
E14000783,Leicester South,E06000016,Leicester,0.9999999929948453
E14000665,Devizes,E06000054,Wiltshire,0.9999999932365922
E14000849,North Shropshire,E06000051,Shropshire,0.9999999932988288
E14000714,Grantham and Stamford,E07000141,South Kesteven,0.9999999933541226
E14000650,Coventry North West,E08000026,Coventry,0.9999999934719201
W07000061,Dwyfor Meirionnydd,W06000002,Gwynedd,0.9999999935167291
E14000956,"Southampton, Test",E06000045,Southampton,0.9999999935701424
E14000670,Dover,E07000108,Dover,0.9999999936822399
E14000555,Bethnal Green and Bow,E09000030,Tower Hamlets,0.9999999937301378
E14000737,Hayes and Harlington,E09000017,Hillingdon,0.9999999939421801
E14001046,Witney,E07000181,West Oxfordshire,0.9999999940328052
S14000029,Glasgow Central,S12000049,Glasgow City,0.9999999942108965
E14000717,Great Yarmouth,E07000145,Great Yarmouth,0.9999999943115179
E14000771,Kingston upon Hull East,E06000010,"Kingston upon Hull, City of",0.9999999943170407
E14000886,Pudsey,E08000035,Leeds,0.9999999943171279
E14000604,Bromley and Chislehurst,E09000006,Bromley,0.9999999943246259
E14000533,Amber Valley,E07000032,Amber Valley,0.9999999943477597
S14000049,North East Fife,S12000047,Fife,0.9999999943573356
E14000900,Romford,E09000016,Havering,0.9999999944328272
E14000903,Rother Valley,E08000018,Rotherham,0.999999994492837
E14000745,Hertsmere,E07000098,Hertsmere,0.9999999945552894
E14000762,Isle of Wight,E06000046,Isle of Wight,0.9999999946771007
E14000766,Keighley,E08000032,Bradford,0.9999999946935401
S14000013,Dumfries and Galloway,S12000006,Dumfries and Galloway,0.9999999949223936
E14001022,Waveney,E07000244,East Suffolk,0.9999999949456941
E14000546,Bassetlaw,E07000171,Bassetlaw,0.9999999949888058
E14000640,City of Chester,E06000050,Cheshire West and Chester,0.9999999949965719
E14000627,Cheadle,E08000007,Stockport,0.9999999950001964
E14000970,Stockton North,E06000004,Stockton-on-Tees,0.9999999950103802
E14000912,Salisbury,E06000054,Wiltshire,0.9999999951813787
E14000812,Meriden,E08000029,Solihull,0.9999999952194051
E14000605,Bromsgrove,E07000234,Bromsgrove,0.9999999954003788
S14000027,Na h-Eileanan an Iar,S12000013,Na h-Eileanan Siar,0.9999999954373433
E14000977,Stratford-on-Avon,E07000221,Stratford-on-Avon,0.9999999954811373
E14000724,Haltemprice and Howden,E06000011,East Riding of Yorkshire,0.999999995566606
E14001037,Westmorland and Lonsdale,E07000031,South Lakeland,0.999999995571441
E14000654,Croydon Central,E09000008,Croydon,0.9999999955795935
E14000641,City of Durham,E06000047,County Durham,0.9999999956057668
E14000611,Bury North,E08000002,Bury,0.9999999956402874
E14000716,Great Grimsby,E06000012,North East Lincolnshire,0.9999999956575192
E14000941,South Norfolk,E07000149,South Norfolk,0.9999999957068013
E14000739,Hemel Hempstead,E07000096,Dacorum,0.9999999957154101
E14000757,Huntingdon,E07000011,Huntingdonshire,0.99999999578703
E14000598,"Brighton, Pavilion",E06000043,Brighton and Hove,0.9999999958143183
E14001052,Worcester,E07000237,Worcester,0.9999999958213717
E14000980,Stroud,E07000082,Stroud,0.9999999959155838
E14000835,Newton Abbot,E07000045,Teignbridge,0.9999999959720555
E14000873,Oxford East,E07000178,Oxford,0.9999999960009351
E14001032,West Ham,E09000025,Newham,0.999999996067005
E14000926,Shrewsbury and Atcham,E06000051,Shropshire,0.999999996079897
E14000711,Gillingham and Rainham,E06000035,Medway,0.9999999961132632
E14000701,Feltham and Heston,E09000018,Hounslow,0.9999999961534961
E14000866,Nottingham North,E06000018,Nottingham,0.9999999961546489
E14000881,Poole,E06000058,"Bournemouth, Christchurch and Poole",0.999999996195762
E14000862,Northampton South,E06000062,West Northamptonshire,0.9999999963421073
E14000944,South Shields,E08000023,South Tyneside,0.9999999965485297
E14000558,Bexleyheath and Crayford,E09000004,Bexley,0.9999999965494925
E14000669,Doncaster North,E08000017,Doncaster,0.9999999965687968
E14000600,Bristol North West,E06000023,"Bristol, City of",0.9999999966456564
E14000781,Leeds West,E08000035,Leeds,0.9999999966768162
E14000542,Barnsley East,E08000016,Barnsley,0.9999999966773102
E14000666,Dewsbury,E08000034,Kirklees,0.9999999967606128
S14000057,Stirling,S12000030,Stirling,0.9999999968815537
E14000938,South East Cornwall,E06000052,Cornwall,0.9999999969869202
E14001025,Wellingborough,E06000061,North Northamptonshire,0.9999999970184157
E14000797,Loughborough,E07000130,Charnwood,0.9999999970411418
E14000544,Basildon and Billericay,E07000066,Basildon,0.9999999970819504
S14000001,Aberdeen North,S12000033,Aberdeen City,0.9999999971156343
E14000738,Hazel Grove,E08000007,Stockport,0.9999999974499386
S14000046,Moray,S12000020,Moray,0.9999999974502741
E14000556,Beverley and Holderness,E06000011,East Riding of Yorkshire,0.9999999974593249
E14001003,Truro and Falmouth,E06000052,Cornwall,0.9999999975029477
E14000538,Aylesbury,E06000060,Buckinghamshire,0.9999999975142944
E14000954,South West Wiltshire,E06000054,Wiltshire,0.9999999976234883
E14000978,Streatham,E09000022,Lambeth,0.9999999976977914
S14000040,Kilmarnock and Loudoun,S12000008,East Ayrshire,0.9999999977028156
E14000851,North Swindon,E06000030,Swindon,0.9999999978107252
E14000805,Makerfield,E08000010,Wigan,0.9999999978303777
E14000590,Braintree,E07000067,Braintree,0.9999999978336379
E14000676,"Ealing, Southall",E09000009,Ealing,0.9999999978547862
W07000041,Ynys Môn,W06000001,Isle of Anglesey,0.9999999979284715
E14000931,Solihull,E08000029,Solihull,0.9999999979321702
E14000621,Carshalton and Wallington,E09000029,Sutton,0.9999999980100358
E14001009,Wakefield,E08000036,Wakefield,0.9999999980583719
E14000827,New Forest East,E07000091,New Forest,0.9999999980731533
E14001031,West Dorset,E06000059,Dorset,0.9999999980858537
E14000667,Don Valley,E08000017,Doncaster,0.9999999980876284
W07000058,Aberconwy,W06000003,Conwy,0.9999999980982284
E14000834,Newcastle-under-Lyme,E07000195,Newcastle-under-Lyme,0.9999999981098955
W07000065,Preseli Pembrokeshire,W06000009,Pembrokeshire,0.9999999981393255
E14000961,St Austell and Newquay,E06000052,Cornwall,0.9999999982030682
S14000005,Argyll and Bute,S12000035,Argyll and Bute,0.9999999982056722
E14000618,Cannock Chase,E07000192,Cannock Chase,0.9999999982551069
S14000054,Perth and North Perthshire,S12000048,Perth and Kinross,0.9999999982689735
E14000644,Colchester,E07000071,Colchester,0.9999999982854076
S14000044,Livingston,S12000040,West Lothian,0.9999999983033456
S14000004,Angus,S12000041,Angus,0.9999999983565537
E14000891,Redcar,E06000003,Redcar and Cleveland,0.9999999984128558
E14000588,Bradford South,E08000032,Bradford,0.9999999984170731
E14000799,Ludlow,E06000051,Shropshire,0.999999998457363
E14001053,Workington,E07000026,Allerdale,0.9999999984728757
E14001040,Wimbledon,E09000024,Merton,0.9999999985077644
E14000936,South Dorset,E06000059,Dorset,0.9999999985492862
W07000063,Montgomeryshire,W06000023,Powys,0.9999999987200301
E14000649,Coventry North East,E08000026,Coventry,0.9999999987812623
E14000653,Crewe and Nantwich,E06000049,Cheshire East,0.9999999988231214
S14000039,"Inverness, Nairn, Badenoch and Strathspey",S12000017,Highland,0.9999999988521109
S14000058,West Aberdeenshire and Kincardine,S12000034,Aberdeenshire,0.9999999988822924
E14000818,Mid Worcestershire,E07000238,Wychavon,0.9999999989002837
E14000847,North Herefordshire,E06000019,"Herefordshire, County of",0.9999999989029562
E14000828,New Forest West,E07000091,New Forest,0.9999999989355792
E14000740,Hemsworth,E08000036,Wakefield,0.999999998993397
S14000036,Glenrothes,S12000047,Fife,0.9999999990360134
E14000743,Hereford and South Herefordshire,E06000019,"Herefordshire, County of",0.9999999990828989
E14000870,Oldham East and Saddleworth,E08000004,Oldham,0.9999999991037516
E14000998,Tooting,E09000032,Wandsworth,0.9999999991379976
E14000591,Brent Central,E09000005,Brent,0.999999999312735
E14000798,Louth and Horncastle,E07000137,East Lindsey,0.9999999993199027
E14000612,Bury South,E08000002,Bury,0.9999999993365769
S14000009,"Caithness, Sutherland and Easter Ross",S12000017,Highland,0.9999999993468992
E14000573,Blackpool South,E06000009,Blackpool,0.9999999993559539
E14000551,Beckenham,E09000006,Bromley,0.9999999994093695
E14000839,North Dorset,E06000059,Dorset,0.9999999994450057
S14000055,"Ross, Skye and Lochaber",S12000017,Highland,0.9999999994458202
E14000730,Harrogate and Knaresborough,E07000165,Harrogate,0.9999999994993449
E14000702,Filton and Bradley Stoke,E06000025,South Gloucestershire,0.9999999995039323
W07000067,Carmarthen East and Dinefwr,W06000010,Carmarthenshire,0.9999999995107335
S14000024,Edinburgh South,S12000036,City of Edinburgh,0.9999999995406751
E14000780,Leeds North West,E08000035,Leeds,0.9999999995615692
S14000007,Banff and Buchan,S12000034,Aberdeenshire,0.9999999995645397
W07000064,Ceredigion,W06000008,Ceredigion,0.9999999995772431
E14000930,Slough,E06000039,Slough,0.999999999710256
W07000057,Arfon,W06000002,Gwynedd,0.9999999997201365
E14000565,"Birmingham, Northfield",E08000025,Birmingham,0.9999999997730435
W07000053,Torfaen,W06000020,Torfaen,0.9999999997813596
E14000616,Camborne and Redruth,E06000052,Cornwall,0.9999999997859607
E14000885,Preston,E07000123,Preston,0.9999999997865153
E14000760,Ilford South,E09000026,Redbridge,0.9999999998260422
E14000911,Salford and Eccles,E08000006,Salford,0.9999999998930539
E14001014,Wansbeck,E06000057,Northumberland,0.9999999999061648
E14000721,Hackney South and Shoreditch,E09000012,Hackney,0.9999999999333049
E14000850,North Somerset,E06000024,North Somerset,0.9999999999389226
E14000675,Ealing North,E09000009,Ealing,0.9999999999528286
W07000048,Swansea East,W06000011,Swansea,0.999999999967351
E14000774,Kingswood,E06000025,South Gloucestershire,0.9999999999772232
S14000023,Edinburgh North and Leith,S12000036,City of Edinburgh,0.9999999999788146
W07000060,Vale of Clwyd,W06000004,Denbighshire,0.9999999999792669
E14000585,Bournemouth West,E06000058,"Bournemouth, Christchurch and Poole",0.9999999999881002
E14000747,Heywood and Middleton,E08000005,Rochdale,0.9999999999892751
E14000602,Bristol West,E06000023,"Bristol, City of",0.999999999990475
E14000807,Manchester Central,E08000003,Manchester,0.9999999999914985
E14000921,"Sheffield, Brightside and Hillsborough",E08000019,Sheffield,0.9999999999930644
E14001029,West Bromwich East,E08000028,Sandwell,0.9999999999931766
W07000049,Aberavon,W06000012,Neath Port Talbot,0.999999999995842
S14000031,Glasgow North,S12000049,Glasgow City,0.9999999999980449
E14000994,Thornbury and Yate,E06000025,South Gloucestershire,0.9999999999981977
E14000635,Chippenham,E06000054,Wiltshire,0.9999999999987507
S14000022,Edinburgh East,S12000036,City of Edinburgh,0.9999999999994356
S14000026,Edinburgh West,S12000036,City of Edinburgh,0.9999999999999332
E14000584,Bournemouth East,E06000058,"Bournemouth, Christchurch and Poole",0.9999999999999792
E14000581,Bootle,E08000014,Sefton,0.9999999999999801
E14000599,Bristol East,E06000023,"Bristol, City of",0.9999999999999805
E14001010,Wallasey,E08000015,Wirral,0.9999999999999933
S14000047,Motherwell and Wishaw,S12000050,North Lanarkshire,0.999999999999994
S14000053,Paisley and Renfrewshire South,S12000038,Renfrewshire,0.9999999999999948
E14000904,Rotherham,E08000018,Rotherham,0.9999999999999954
E14001044,Wirral West,E08000015,Wirral,0.9999999999999964
S14000003,Airdrie and Shotts,S12000050,North Lanarkshire,0.9999999999999967
E14000919,Sheffield Central,E08000019,Sheffield,0.999999999999997
S14000019,"East Kilbride, Strathaven and Lesmahagow",S12000029,South Lanarkshire,0.9999999999999971
W07000051,Cardiff North,W06000015,Cardiff,0.9999999999999972
E14000579,Bolton South East,E08000001,Bolton,0.9999999999999976
E14000871,Oldham West and Royton,E08000004,Oldham,0.9999999999999977
S14000056,Rutherglen and Hamilton West,S12000029,South Lanarkshire,0.9999999999999978
E14000750,Holborn and St Pancras,E09000007,Camden,0.9999999999999979
W07000047,Swansea West,W06000011,Swansea,0.999999999999998
E14000560,"Birmingham, Edgbaston",E08000025,Birmingham,0.9999999999999982
E14000777,Leeds Central,E08000035,Leeds,0.9999999999999983
E14000692,"Enfield, Southgate",E09000010,Enfield,0.9999999999999986
E14000793,"Liverpool, Riverside",E08000012,Liverpool,0.9999999999999987
E14001061,York Central,E06000014,York,0.9999999999999988
E14000567,"Birmingham, Selly Oak",E08000025,Birmingham,0.9999999999999988
W07000052,Rhondda,W06000016,Rhondda Cynon Taf,0.9999999999999989
E14000764,Islington South and Finsbury,E09000019,Islington,0.9999999999999989
E14000775,Knowsley,E08000011,Knowsley,0.9999999999999989
E14000925,Shipley,E08000032,Bradford,0.9999999999999989
E14001012,Walsall South,E08000030,Walsall,0.999999999999999
E14001013,Walthamstow,E09000031,Waltham Forest,0.999999999999999
E14001016,Warley,E08000028,Sandwell,0.9999999999999991
E14000741,Hendon,E09000003,Barnet,0.9999999999999991
E14000861,Northampton North,E06000062,West Northamptonshire,0.9999999999999992
E14000809,"Manchester, Withington",E08000003,Manchester,0.9999999999999992
E14000547,Bath,E06000022,Bath and North East Somerset,0.9999999999999993
E14001051,Wolverhampton South West,E08000031,Wolverhampton,0.9999999999999993
E14000563,"Birmingham, Hodge Hill",E08000025,Birmingham,0.9999999999999997
E14000794,"Liverpool, Walton",E08000012,Liverpool,0.9999999999999997
E14000559,Birkenhead,E08000015,Wirral,0.9999999999999997
E14000562,"Birmingham, Hall Green",E08000025,Birmingham,0.9999999999999999
E14000592,Brent North,E09000005,Brent,0.9999999999999999
S14000042,Lanark and Hamilton East,S12000029,South Lanarkshire,0.9999999999999999
E14000985,Sutton Coldfield,E08000025,Birmingham,0.9999999999999999
W07000050,Cardiff Central,W06000015,Cardiff,1.0
E14000731,Harrow East,E09000015,Harrow,1.0
E14000691,Enfield North,E09000010,Enfield,1.0000000000000002
E14000808,"Manchester, Gorton",E08000003,Manchester,1.0000000000000002
E14000628,Chelmsford,E07000070,Chelmsford,1.0000000000000002
E14001011,Walsall North,E08000030,Walsall,1.0000000000000002
E14000796,"Liverpool, West Derby",E08000012,Liverpool,1.0000000000000002
E14000778,Leeds East,E08000035,Leeds,1.0000000000000002
E14000709,Gateshead,E08000037,Gateshead,1.0000000000000004
E14000646,Congleton,E06000049,Cheshire East,1.0000000000000004
E14000672,Dudley South,E08000027,Dudley,1.0000000000000004
E14001002,Tottenham,E09000014,Haringey,1.0000000000000004
E14000979,Stretford and Urmston,E08000009,Trafford,1.0000000000000004
E14000561,"Birmingham, Erdington",E08000025,Birmingham,1.0000000000000004
E14000703,Finchley and Golders Green,E09000003,Barnet,1.0000000000000004
E14000552,Bedford,E06000055,Bedford,1.0000000000000004
E14000541,Barnsley Central,E08000016,Barnsley,1.0000000000000007
E14000658,Darlington,E06000005,Darlington,1.0000000000000007
E14000732,Harrow West,E09000015,Harrow,1.0000000000000007
E14000531,Aldridge-Brownhills,E08000030,Walsall,1.000000000000001
E14000976,Stourbridge,E08000027,Dudley,1.000000000000001
E14000578,Bolton North East,E08000001,Bolton,1.000000000000001
E14000589,Bradford West,E08000032,Bradford,1.000000000000001
E14000687,Edmonton,E09000010,Enfield,1.000000000000001
E14000668,Doncaster Central,E08000017,Doncaster,1.0000000000000013
E14000763,Islington North,E09000019,Islington,1.0000000000000013
E14000564,"Birmingham, Ladywood",E08000025,Birmingham,1.0000000000000016
E14000566,"Birmingham, Perry Barr",E08000025,Birmingham,1.0000000000000016
E14000795,"Liverpool, Wavertree",E08000012,Liverpool,1.0000000000000016
E14000779,Leeds North East,E08000035,Leeds,1.0000000000000018
E14000969,Stockport,E08000007,Stockport,1.000000000000002
E14000923,"Sheffield, Heeley",E08000019,Sheffield,1.000000000000002
E14000532,Altrincham and Sale West,E08000009,Trafford,1.0000000000000024
E14000756,Huddersfield,E08000034,Kirklees,1.0000000000000027
E14000752,Hornsey and Wood Green,E09000014,Haringey,1.000000000000003
E14000720,Hackney North and Stoke Newington,E09000012,Hackney,1.0000000000000036
W07000076,Caerphilly,W06000018,Caerphilly,1.0000000000000038
E14000636,Chipping Barnet,E09000003,Barnet,1.0000000000000042
E14001039,Wigan,E08000010,Wigan,1.0000000000000064
